date,username,to,replies,retweets,favorites,text,geo,mentions,hashtags,id,permalink
2020-05-14 23:58:49,sachikoko,,0,30,10," SWEET 4MO ORANGE #TABBY #KITTEN ""FERRAN"" NEEDS ADOPTION OR #RESCUE ID 622318 Cage 637 https://ift.tt/3fILY1T #ADOPT #PLEDGE #SAVEALIFE #AdoptDontShop #MARIETTA #GA @cobbkitties #CAT #AdoptMe #AdoptAShelterCat #CatsofTwitter #RescueMe",,@cobbkitties,#TABBY #KITTEN #RESCUE #ADOPT #PLEDGE #SAVEALIFE #AdoptDontShop #MARIETTA #GA #CAT #AdoptMe #AdoptAShelterCat #CatsofTwitter #RescueMe,1261083580064600064,https://twitter.com/sachikoko/status/1261083580064600064
2019-10-17 23:24:40,FarandWidecom,,52,19,54,"English is the most spoken language in the world. Can you guess what No. 2 is?",,,,1184973532738052096,https://twitter.com/FarandWidecom/status/1184973532738052096
2020-05-14 23:49:02,MeowMoeDotCom,,0,8,19,"My new #Kitten #Lilac #Cats #Cat #Kittens #Kitten #Kitty #Pets #Pet #Meow #Moe #CuteCats #CuteCat #CuteKittens #CuteKitten #MeowMoe https://www.meowmoe.com/634452/my-new-kitten-lilac/ .",,,#Kitten #Lilac #Cats #Cat #Kittens #Kitten #Kitty #Pets #Pet #Meow #Moe #CuteCats #CuteCat #CuteKittens #CuteKitten #MeowMoe,1261081118218096640,https://twitter.com/MeowMoeDotCom/status/1261081118218096640
2020-05-14 23:46:02,MeowMoeDotCom,,0,6,14,"#Ikki (probably around 7-8 w/o) #Adopted from a #Friend. First #Pet ever had and it’s a little #Joy of #Furball #Cats #Cat #Kittens #Kitten #Kitty #Pets #Pet #Meow #Moe #CuteCats #CuteCat #CuteKittens #CuteKitten #MeowMoe https://www.meowmoe.com/634450/ikki-probably-around-7-8-w-o-adopted-from-a-friend-first-pet-ever-had-and-its-a-little-joy-of-furball/ .",,,#Ikki #Adopted #Friend #Pet #Joy #Furball #Cats #Cat #Kittens #Kitten #Kitty #Pets #Pet #Meow #Moe #CuteCats #CuteCat #CuteKittens #CuteKitten #MeowMoe,1261080362844860417,https://twitter.com/MeowMoeDotCom/status/1261080362844860417
2020-05-14 20:34:39,StrayCat_SCA,,1,12,25,"DO YOU REMEMBER NINA (NOW DINAH!)? Baby Dinah didn't have much time left! She was skin and bones w/ not much strength to keep herself alive. Fast forward, Dinah recovered beautifully ! @dodo reached out to us and asked if they could do a video: https://thedo.do/2Wtox51 #kitten ",,@dodo,#kitten,1261032197152075776,https://twitter.com/StrayCat_SCA/status/1261032197152075776
2020-05-14 18:51:19,freetousesounds,,1,7,41,"Working with the cutest foley artist in the world ! #sounddesign #foley #foleyartist #gameaudio #musicproducer #cats #kitten #fun #ableton #fieldrecording #sounddesigner #audiogear #postproduction #soundengineer",,,#sounddesign #foley #foleyartist #gameaudio #musicproducer #cats #kitten #fun #ableton #fieldrecording #sounddesigner #audiogear #postproduction #soundengineer,1261006194895978498,https://twitter.com/freetousesounds/status/1261006194895978498
2020-05-14 16:17:46,pattucheenu,,1,24,80,"Cute Kitten Relaxing Time #Tom Watching #TomandJerry #GoodNight &amp; #SweetDreams ℒℴѵℯ &amp; Hugs To All My lovely Friends Have A Peaceful Sleep God Bless ℒℴѵℯ You All #Cat #Cutenessoverlod #Kitten #CatsOnTwitter #Catlovers #StaySafe #StayPositive",,,#Tom #TomandJerry #GoodNight #SweetDreams #Cat #Cutenessoverlod #Kitten #CatsOnTwitter #Catlovers #StaySafe #StayPositive,1260967550583574531,https://twitter.com/pattucheenu/status/1260967550583574531
2020-05-14 16:09:52,joesdailycat,,8,48,238,"Random Cat Of The Day - Here's your daily cat! #rcotd #catoftheday #kitten ",,,#rcotd #catoftheday #kitten,1260965564614234115,https://twitter.com/joesdailycat/status/1260965564614234115
2020-05-14 13:30:14,greatstuffuneed,,0,25,18,"Check out CUTE!! Gold Rhinestone Cat with Dangling Fish and Bowl Pin #Cat #Kitten https://ebay.us/TNF5IT via @eBay",,@eBay,#Cat #Kitten,1260925389523824640,https://twitter.com/greatstuffuneed/status/1260925389523824640
2020-05-14 09:33:06,catsnkittys,,9,88,691,"Kitten with Twisted Legs and Bear Ears Gets the Purr-fect Foster Parents A tiny #kitten with twisted front legs arrived at Friends for Life Rescue Network in Los Angeles for a chance at a better life. Meet Quill! CLICK to find out more &gt; https://bit.ly/3caqetc?utm_campaign=meetedgar&amp;utm_medium=social&amp;utm_source=meetedgar.com",,,#kitten,1260865715277619203,https://twitter.com/catsnkittys/status/1260865715277619203
2020-05-14 07:19:50,KittensCam,,6,3,76,"Morning from Alex (cat speak for what a good boy I am) #foster #kitten #CatsOfTwitter #cats",,,#foster #kitten #CatsOfTwitter #cats,1260832177396252675,https://twitter.com/KittensCam/status/1260832177396252675
2020-05-14 03:42:15,damonheller,,4,3,31,"Vehicle exited grand on the NB5 ... vehicle stopped #chase #kitten #SmokeNScan",,,#chase #kitten #SmokeNScan,1260777417234210817,https://twitter.com/damonheller/status/1260777417234210817
2020-05-13 11:04:43,AlanDaffern,,3,86,28,"#Missing male #TabbyAndWhite #Kitten #Lost the 5th of May 2020 From near Digby Park (Mansel Road, Somerville Road, Floyer Road, St Benedicks Road) #SmallHeath #B10 area Wearing a red collar Check gardens/sheds/under hedges #missingcat pic.twitter.com/3DHtIOIkuz",,,#Missing #TabbyAndWhite #Kitten #Lost #SmallHeath #B10 #missingcat,1260526382137950210,https://twitter.com/AlanDaffern/status/1260526382137950210
2020-05-13 06:22:55,worldforall,,0,9,9,"These pretty little girls are up for adoption in Mumbai. They were were dumped outside a building by a vegetable man when they were 10 days old. We are urgently looking for an amazing forever home for these babies. Call 9820496099 to foster/adopt #worldforall #kitten ",,,#worldforall #kitten,1260455464539742211,https://twitter.com/worldforall/status/1260455464539742211
2020-05-13 02:31:00,AndreaKitta,,2,1,19,"I was a very small part of a daring #kitten rescue today. Thanks to Logan for finding him and @aydennc firefighters and public works for all of their hard work! Faith in humanity restored!!!! #PositiveNews https://m.facebook.com/story.php?story_fbid=10158159526502165&amp;id=512182164?sfnsn=mo",,@aydennc,#kitten #PositiveNews,1260397101046996992,https://twitter.com/AndreaKitta/status/1260397101046996992
2020-05-12 23:53:34,BeemanJay,,1,6,29,"This is Miss Scarlet Witch The Flerken. Sometimes I like to call her Little Miss Stinky Toebeans. I'm so glad she came into our lives last December on Friday the 13th. She has brought so much joy to our household. #kitten #cats #CatsOfTwitter #Flerken #OrangeTabby #RescueCat #aww",,,#kitten #cats #CatsOfTwitter #Flerken #OrangeTabby #RescueCat #aww,1260357482796290048,https://twitter.com/BeemanJay/status/1260357482796290048
2020-05-12 22:43:12,BrendaPerrott,NYCDEATHROWCATS,2,28,14,"#Sweet #kitten NEHEMIAH wants to live and love and have a happy home! #ADOPT #FOSTER #PLEDGE ! #NYC #cats #sweet #kitten ",,,#Sweet #kitten #ADOPT #FOSTER #PLEDGE #NYC #cats #sweet #kitten,1260339771823570945,https://twitter.com/BrendaPerrott/status/1260339771823570945
2020-05-12 21:11:05,catsnkittys,,9,52,497,"This Shelter Kitten Felt All Alone Until Someone Saw Her True Beauty Trinity the #kitten was quite lonely in the shelter. Sadly, people would just pass her by but all she really wanted was to love and to be loved. This is her story... CLICK to view &gt; https://bit.ly/2zvPqMM?utm_campaign=meetedgar&amp;utm_medium=social&amp;utm_source=meetedgar.com",,,#kitten,1260316590618431488,https://twitter.com/catsnkittys/status/1260316590618431488
2020-05-12 18:01:19,StrayCat_SCA,,3,17,54,"WE RESCUED A LITTLE KITTEN NAMED APPLESAUCE! Applesauce is the newest addition to our family! She is only 4-5 w/o and looks like Arely's twin She'll need eye surgery, just like Arely, once she's old enough. But for now, she is adorable and will soon be Arely's bestie! #kitten ",,,#kitten,1260268834751037440,https://twitter.com/StrayCat_SCA/status/1260268834751037440
2020-05-14 18:44:50,casey_lee_w,,0,0,11,"My little brother just got a kitten and honestly I can’t even with the two of them #caturday #kitten ",,,#caturday #kitten,1261004561055186947,https://twitter.com/casey_lee_w/status/1261004561055186947
2019-10-17 23:25:17,FarandWidecom,,138,54,152,"English is the most spoken language in the world. Can you guess what No. 2 is?",,,,1184973688329953281,https://twitter.com/FarandWidecom/status/1184973688329953281
2020-05-14 16:25:43,kitten_poker,,0,4,6,"This is Red ^_^ Red likes to chase a laser dot in the Meadow while munching on some nice chicken ^_^ #kittenpokercreations #draggos #reddragon #kittydragon #kittycat #kitten #dragondrawing #markerart #dragondesign #cutedragon #littledragon #tinydragon #fantasycreature",,,#kittenpokercreations #draggos #reddragon #kittydragon #kittycat #kitten #dragondrawing #markerart #dragondesign #cutedragon #littledragon #tinydragon #fantasycreature,1260969550696325123,https://twitter.com/kitten_poker/status/1260969550696325123
2020-05-14 16:09:27,MeowzineUK,,0,2,6,"Wat do you mean I can’t jump out da window? Itz purrfectly safe. Lemme show you. No? Seriously? Ugh. . . . #CatsOfTwitter #CatsOfInstagram #Kitten #CuteCats #CuteAnimals #TeamFloof #LoveYourPets #CalicoCat @RSPCA_official @CatsProtection",,@RSPCA_official @CatsProtection,#CatsOfTwitter #CatsOfInstagram #Kitten #CuteCats #CuteAnimals #TeamFloof #LoveYourPets #CalicoCat,1260965459064696832,https://twitter.com/MeowzineUK/status/1260965459064696832
2020-05-14 04:23:18,BrendaPerrott,cobbkitties,0,17,11,"#sweet boy #kitten FIAK is in #COBBCOUNTY / #MARIETTAGA and needs a loyal, loving home! #ADOPT / #PLEDGE for #rescue! #Marietta #Georgia #cats",,,#sweet #kitten #COBBCOUNTY #MARIETTAGA #ADOPT #PLEDGE #rescue #Marietta #Georgia #cats,1260787751634513925,https://twitter.com/BrendaPerrott/status/1260787751634513925
2020-05-13 16:33:28,realmetallicat,,1,1,14,"More climbing up my leg to reach my lap. #kittens #kitten #CatsOfTwitter #cats #silvertabby #CuteCats",,,#kittens #kitten #CatsOfTwitter #cats #silvertabby #CuteCats,1260609115321229319,https://twitter.com/realmetallicat/status/1260609115321229319
2020-05-13 15:26:13,gretylandgrace,,0,1,23,"Sitting pretty #catsoftwitter #cat #kitten #cute #tabbycat",,,#catsoftwitter #cat #kitten #cute #tabbycat,1260592189861748736,https://twitter.com/gretylandgrace/status/1260592189861748736
2020-05-13 01:26:39,mosacats,,0,6,14,"Mosa & Logan Follow us to watch our funny clips on YouTube mosa cats #CatsOfTwitter #CatsOfTheQuarantine #cats #kitten #kitty #kittens #pet #funny #StayHome #cat #mosacats #cats #fun",,,#CatsOfTwitter #CatsOfTheQuarantine #cats #kitten #kitty #kittens #pet #funny #StayHome #StayHome #cat #mosacats #cats #fun,1260380908139528193,https://twitter.com/mosacats/status/1260380908139528193
2020-05-12 20:29:36,ottsworld,,2,0,10,"My newest foster kitten is still looking for a name...she's a sweetheart. Just turned 4 weeks old today and her eye infection is clearing up. Isn't she a looker?! #fosterkitties #fosterkittens #dumbfriendsleague⠀⠀ #fostermom #Kittens #kittenoftheday #kitten ",,,#fosterkitties #fosterkittens #dumbfriendsleague #fostermom #Kittens #kittenoftheday #kitten,1260306152052719621,https://twitter.com/ottsworld/status/1260306152052719621
2020-05-12 19:25:42,JonnoPlaysCoC,,1,4,16,"This is baby kitty, he was born in a bowling bag! Nobody knows why he's so mad?? RT or drop a heart and maybe he will be happy #kittens #kitten ",,,#kittens #kitten,1260290071015510022,https://twitter.com/JonnoPlaysCoC/status/1260290071015510022
2020-05-12 19:21:12,zenphir_,,1,2,15,"Preclaimed adopt from insta #adopt #adoptable #closed #cat #kitty #kitten #catboy #art #artist #artsy #artwork #illustration #digitalart #digital #anime #animeart #otaku #manga #mangaart #animelove #AnimeMemes #mangafan #oc #characterart #characterdesign",,,#adopt #adoptable #closed #cat #kitty #kitten #catboy #art #artist #artsy #artwork #illustration #digitalart #digital #anime #animeart #otaku #manga #mangaart #animelove #AnimeMemes #mangafan #oc #characterart #characterdesign,1260288939275038720,https://twitter.com/zenphir_/status/1260288939275038720
2020-05-12 18:48:52,ellsbells0485,,2,0,10,"Orderd a cat playpen for Arthur to hang out in while I'm asleep, didn't realise how small he would be, never owned an 8 week old kitten, elliot was 15 weeks when I got him so alot bigger , panic is setting in now #catmum #kitten advice is appreciated ",,,#catmum #kitten,1260280802291712006,https://twitter.com/ellsbells0485/status/1260280802291712006
2020-05-12 18:29:14,MiloandMolly1,,0,1,19,"Mum said I’m a very brave boy for getting neutered today and the vet said I had a very good appetite! #magic #kitten #panfursquad #CatsOfTwitter",,,#magic #kitten #panfursquad #CatsOfTwitter,1260275858075463680,https://twitter.com/MiloandMolly1/status/1260275858075463680
2020-05-12 14:52:44,joesdailycat,,2,49,202,"Random Cat Of The Day - Here's your daily cat! #rcotd #catoftheday #kitten ",,,#rcotd #catoftheday #kitten,1260221377769902080,https://twitter.com/joesdailycat/status/1260221377769902080
2020-05-12 11:42:47,watercatlor,,3,48,187,"Cat bees are REAL . Photo credit: unknown #illustration #doodle #meowed #cat #kitty #watercatlor #9gagcute #9gag #catsareliquid #catmemes #catsofinstagram #kitty #kitten #catsareliquid #catlady #chonky #chonkycattos",,,#illustration #doodle #meowed #cat #kitty #watercatlor #9gagcute #9gag #catsareliquid #catmemes #catsofinstagram #kitty #kitten #catsareliquid #catlady #chonky #chonkycattos,1260173573194280960,https://twitter.com/watercatlor/status/1260173573194280960
2020-05-12 11:34:15,CatLoversCommu2,,13,112,374,"“No matter how much cats fight, there always seem to be plenty of kittens.” – Abraham Lincoln #cat #cats #Kittens #kitten #CatsOfTwitter #CatsOnTwitter #CatsOfTheQuarantine #catsofinstagram #TuesdayThoughts #tuesdayvibes #TuesdayMorning #TuesdayMotivation #tuesdaymood",,,#cat #cats #Kittens #kitten #CatsOfTwitter #CatsOnTwitter #CatsOfTheQuarantine #catsofinstagram #TuesdayThoughts #tuesdayvibes #TuesdayMorning #TuesdayMotivation #tuesdaymood,1260171425089904642,https://twitter.com/CatLoversCommu2/status/1260171425089904642
2020-05-12 09:43:27,WildeOscarCat,NYCDEATHROWCATS,1,20,13,"Quiet and agreeable sweet #kitten NEHEMIAH is in need of a loyal, loving home! #adopt #foster #pledge ! #NYC #cats",,,#kitten #adopt #foster #pledge #NYC #cats,1260143543215063043,https://twitter.com/WildeOscarCat/status/1260143543215063043
2020-05-12 02:00:11,IBRescue,,0,14,18,"""What greater gift than the love of a cat."" — Charles Dickens Interested in sponsoring a #kitten or two in our care? DM us! #lifeinthefosterhood #adoptdontshop #cutekittens #quote",,,#kitten #lifeinthefosterhood #adoptdontshop #cutekittens #quote,1260026956101214212,https://twitter.com/IBRescue/status/1260026956101214212
2020-05-11 23:59:43,AJamsDraws,,0,2,14,"2 drawings I done did of my cat. #siamesecat #siamese #cat #cats #kitten #illustration #animals #drawing #digitalart #rocket #kittens #babyanimals #art",,,#siamesecat #siamese #cat #cats #kitten #illustration #animals #drawing #digitalart #rocket #kittens #babyanimals #art,1259996639604822017,https://twitter.com/AJamsDraws/status/1259996639604822017
2020-05-11 23:53:02,MeowMoeDotCom,,0,3,13,"Okay #Lets #Stay in #Bed a little #Longer #Cats #Cat #Kittens #Kitten #Kitty #Pets #Pet #Meow #Moe #CuteCats #CuteCat #CuteKittens #CuteKitten #MeowMoe https://www.meowmoe.com/632612/okay-lets-stay-in-bed-a-little-longer/ .",,,#Lets #Stay #Bed #Longer #Cats #Cat #Kittens #Kitten #Kitty #Pets #Pet #Meow #Moe #CuteCats #CuteCat #CuteKittens #CuteKitten #MeowMoe,1259994960524447744,https://twitter.com/MeowMoeDotCom/status/1259994960524447744
2020-05-11 23:44:02,MeowMoeDotCom,,0,1,4,"5 Cute kittens and their sweet mother. ... #Cats #Cat #Kittens #Kitten #Kitty #Pets #Pet #Meow #Moe #CuteCats #CuteCat #CuteKittens #CuteKitten #MeowMoe #CuteCatsVideos #CuteKittensVideos #CuteKittiesVideos #CuteMeowVideos https://www.meowmoe.com/632604/5-cute-kittens-and-their-sweet-mother-cute-kittens/ .",,,#Cats #Cat #Kittens #Kitten #Kitty #Pets #Pet #Meow #Moe #CuteCats #CuteCat #CuteKittens #CuteKitten #MeowMoe #CuteCatsVideos #CuteKittensVideos #CuteKittiesVideos #CuteMeowVideos,1259992695864537093,https://twitter.com/MeowMoeDotCom/status/1259992695864537093
2020-05-11 23:31:03,MeowMoeDotCom,,0,2,11,"“I think that’s quite enough #Work for the #Day, #Human” #Cats #Cat #Kittens #Kitten #Kitty #Pets #Pet #Meow #Moe #CuteCats #CuteCat #CuteKittens #CuteKitten #MeowMoe https://www.meowmoe.com/632602/i-think-thats-quite-enough-work-for-the-day-human/ .",,,#Work #Day #Human #Cats #Cat #Kittens #Kitten #Kitty #Pets #Pet #Meow #Moe #CuteCats #CuteCat #CuteKittens #CuteKitten #MeowMoe,1259989424810622982,https://twitter.com/MeowMoeDotCom/status/1259989424810622982
2020-05-11 22:25:00,leaflee11,,2,2,13,"Feeling sad, but playing with Foxy helps. Look at this guy monster out! #CatsOfTwitter #blackcats #CatsOfTheQuarantine #Kitten #mainecoon #alleycat #rescue #AdoptDontShop #CuteCats #furbaby",,,#CatsOfTwitter #blackcats #CatsOfTheQuarantine #Kitten #mainecoon #alleycat #rescue #AdoptDontShop #CuteCats #furbaby,1259972803467579395,https://twitter.com/leaflee11/status/1259972803467579395
2020-05-11 21:12:05,catsnkittys,,3,17,163,"Rescued Cat is All ‘Skin and Bones’ Until She Finds a Loving Home This is the story of Dinah, a rescued #kitten that went through an amazing transformation after finding her forever home. CLICK to view &gt; https://bit.ly/3dDqKQW?utm_campaign=meetedgar&amp;utm_medium=social&amp;utm_source=meetedgar.com",,,#kitten,1259954454616510465,https://twitter.com/catsnkittys/status/1259954454616510465
2020-05-11 20:28:13,rburt4cats,,0,10,3,"#Siamese #kitten SADIE is at #RoswellNewMexico URGENT ANIMAL SHELTER, #NewMexico. https://m.facebook.com/story.php?story_fbid=1539590779542247&amp;id=176246809209991",,,#Siamese #kitten #RoswellNewMexico #NewMexico,1259943417364316161,https://twitter.com/rburt4cats/status/1259943417364316161
2020-05-11 18:20:49,gretylandgrace,,2,3,59,"I'm always so sleepy! I love it when meowmy wears her fluffy pjs so I can snuggle up with her #catsoftwitter #cat #kitten #cute #tabbycat",,,#catsoftwitter #cat #kitten #cute #tabbycat,1259911354862968833,https://twitter.com/gretylandgrace/status/1259911354862968833
2020-05-11 18:04:19,FBCASTX,,1,14,8," We need #bottlefeeders! These six #neonatalkittens came in today and need a #foster to #bottlefeed #ASAP. The singleton black #kitten is about a week old. ",,,#bottlefeeders #neonatalkittens #foster #bottlefeed #ASAP #kitten,1259907202472648711,https://twitter.com/FBCASTX/status/1259907202472648711
2020-05-11 16:50:00,brendaoncats,MoValAnimals,3,51,38,"#sweet beautiful boy #kitten Charlie NEEDS u NOW!! Please #adopt or #pledge for #rescue! #morenovalley #MoVal #california #cats , #sweetheart !",,,#sweet #kitten #adopt #pledge #rescue #morenovalley #MoVal #california #cats #sweetheart,1259888497701408770,https://twitter.com/brendaoncats/status/1259888497701408770
2020-05-11 15:30:39,CatioGuy,,1,4,25,"How many cats can you find in the @lange_foundation catio? #cat #cats #catio #kitten #rescuecats #adoptdontshop #catlife #lovecats #catiolife #meow #catsoflosangeles #catsoftwitter",,,#cat #cats #catio #kitten #rescuecats #adoptdontshop #catlife #lovecats #catiolife #meow #catsoflosangeles #catsoftwitter,1259868528632410112,https://twitter.com/CatioGuy/status/1259868528632410112
2020-05-11 14:22:07,CatLoversCommu2,,6,41,219,"Every cat is my best friend...... #cat #cats #Kittens #kitten #CatsOfTwitter #CatsOnTwitter #CatsOfTheQuarantine #catsofinstagram #MondayMotivation #MondayMorning #mondaymood #MondayVibes",,,#cat #cats #Kittens #kitten #CatsOfTwitter #CatsOnTwitter #CatsOfTheQuarantine #catsofinstagram #MondayMotivation #MondayMorning #mondaymood #MondayVibes,1259851283915309059,https://twitter.com/CatLoversCommu2/status/1259851283915309059
2020-05-11 14:17:32,sachikoko,,1,14,9," URGENT! ADORABLE BROTHER &amp; SISTER #KITTEN SIBLINGS NEED PLEDGES 4 #RESCUE ASAP ID 622315 MALE/BLACK ID 622316 FEMALE/TABBY 4 INFO https://ift.tt/2Y1aFhn #PLEDGE 2 #SAVEALIFE #RescueMe SHARING SAVES LIVES #MARIETTA #GA @cobbkitties #CAT #KITTENSEASON",,@cobbkitties,#KITTEN #RESCUE #PLEDGE #SAVEALIFE #RescueMe #MARIETTA #GA #CAT #KITTENSEASON,1259850131047931907,https://twitter.com/sachikoko/status/1259850131047931907
2020-05-11 14:02:39,IBRescue,,0,3,5,"""In the dark all cats and all girls are beautiful.""~Hungarian Proverb Interested in sponsoring a #kitten in our care? DM us! #lifeinthefosterhood #adoptdontshop #kittenlove #cutekitten",,,#kitten #lifeinthefosterhood #adoptdontshop #kittenlove #cutekitten,1259846384657870848,https://twitter.com/IBRescue/status/1259846384657870848
2020-05-11 12:25:41,gretylandgrace,,0,6,51,"My favourite place to sleep is with my family #catsoftwitter #cat #kitten #cute #tabbycat",,,#catsoftwitter #cat #kitten #cute #tabbycat,1259821980250865664,https://twitter.com/gretylandgrace/status/1259821980250865664
2020-05-11 11:30:57,BrendaPerrott,rburt4cats,18,166,121,"Don't let them gas this baby! JUMANJI is in a GASSING POUND -- #NORTHUTAHVALLEY ! #CATS #SAVEME #ADPT #FOSTER #PLEDGE ! #UTAH #cats #kittens #kitten #adoptme",,,#NORTHUTAHVALLEY #CATS #SAVEME #ADPT #FOSTER #PLEDGE #UTAH #cats #kittens #kitten #adoptme,1259808208031559681,https://twitter.com/BrendaPerrott/status/1259808208031559681
2020-05-11 09:38:49,Nicky_Kong1,,0,1,12,"Wotsit the meerkit brightening up a Monday morning! #kitten #lockdownbuddy #dancingkitten",,,#kitten #lockdownbuddy #dancingkitten,1259779990217949184,https://twitter.com/Nicky_Kong1/status/1259779990217949184
2020-05-11 08:05:35,gretylandgrace,,1,8,119,"It's not easy being this cute, I get worn out from all the attention! #catsoftwitter #cat #kitten #cute #tabbycat",,,#catsoftwitter #cat #kitten #cute #tabbycat,1259756527440838656,https://twitter.com/gretylandgrace/status/1259756527440838656
2020-05-11 06:50:00,mattgroopie,,0,4,6,"Slow motion cat jump video + @Seal &amp; @judaspriest = awesome #kitty #kitten #animal #pet #funny #CatsOfTwitter #cats #RT #seal #judaspriest #metal",,@Seal @judaspriest,#kitty #kitten #animal #pet #funny #CatsOfTwitter #cats #RT #seal #judaspriest #metal,1259737502598004736,https://twitter.com/mattgroopie/status/1259737502598004736
2020-05-11 04:07:17,ManuIntiraymi,kittensfolder,31,27,343,"Thank you @JeriLRyan 4 the cuteness. I need a couple of these in my life! Like now (seriously trying to adopt) #kitten #kittenadoption",,@JeriLRyan,#kitten #kittenadoption,1259696555126165506,https://twitter.com/ManuIntiraymi/status/1259696555126165506
2020-05-11 02:00:08,IBRescue,,0,9,6,"""Wake not a sleeping cat.""~ French Proverb ""Ssshhhhh!!!!!!! This lil recent arrival is getting her beauty sleep so she can grow big n strong."" Interested in sponsoring a #tinybutmighty cutie like this one? DM us! #lifeinthefosterhood #adoptdontshop #kitten ",,,#tinybutmighty #lifeinthefosterhood #adoptdontshop #kitten,1259664555384471558,https://twitter.com/IBRescue/status/1259664555384471558
2020-05-11 01:44:02,MeowMoeDotCom,,0,4,11,"cute cat compilation |cats that make u ... #Cats #Cat #Kittens #Kitten #Kitty #Pets #Pet #Meow #Moe #CuteCats #CuteCat #CuteKittens #CuteKitten #MeowMoe #CuteCatsVideos #CuteKittensVideos #CuteKittiesVideos #CuteMeowVideos https://www.meowmoe.com/631934/cute-cat-compilation-cats-that-make-u-laugh-2020-compilation-may-2/ .",,,#Cats #Cat #Kittens #Kitten #Kitty #Pets #Pet #Meow #Moe #CuteCats #CuteCat #CuteKittens #CuteKitten #MeowMoe #CuteCatsVideos #CuteKittensVideos #CuteKittiesVideos #CuteMeowVideos,1259660505414860800,https://twitter.com/MeowMoeDotCom/status/1259660505414860800
2020-05-11 01:31:03,MeowMoeDotCom,,0,2,8,"My little #Mama #Hides in #Drawers and looks so #Happy when you #Find her #Cats #Cat #Kittens #Kitten #Kitty #Pets #Pet #Meow #Moe #CuteCats #CuteCat #CuteKittens #CuteKitten #MeowMoe https://www.meowmoe.com/631932/my-little-mama-hides-in-drawers-and-looks-so-happy-when-you-find-her/ .",,,#Mama #Hides #Drawers #Happy #Find #Cats #Cat #Kittens #Kitten #Kitty #Pets #Pet #Meow #Moe #CuteCats #CuteCat #CuteKittens #CuteKitten #MeowMoe,1259657237255118858,https://twitter.com/MeowMoeDotCom/status/1259657237255118858
2020-05-11 00:16:07,catsnkittys,,22,117,955,"Abandoned Kitten Finds Forever Home and Meows for Happiness A kind lady spotted a lone black #kitten on the roadside and once he had been given some food, he began to sing meows of happiness. Meet Venom! CLICK to view &gt; http://bit.ly/2gbm3oe?utm_campaign=meetedgar&amp;utm_medium=social&amp;utm_source=meetedgar.com",,,#kitten,1259638382113763330,https://twitter.com/catsnkittys/status/1259638382113763330
2020-05-10 22:15:00,PghLesbian24,,0,0,4,"Two weeks ago, we helped rescue this young mama #cat &amp; her one #kitten. Both are doing well in foster care. Mama is named Dr. Rachel Levine and the kitten is Barreto after @giselefetterman both of whom have caring for Pennsylvania's children (and adults) #HappyMothersDay",,@giselefetterman,#cat #kitten #HappyMothersDay,1259607900173012996,https://twitter.com/PghLesbian24/status/1259607900173012996
2020-05-10 22:14:16,RyanBooth37,,2,1,7,"Fellow people of #Twitter, this cute bundle of fluff will soon be home with me and I need a name. She's the runt of a litter and has no tail so I just had to give her a home. #newpet #kitten #namemypet #namesneeded #CatsOfTwitter #blackcats #animalsforlife",,,#Twitter #newpet #kitten #namemypet #namesneeded #CatsOfTwitter #blackcats #animalsforlife,1259607717104226306,https://twitter.com/RyanBooth37/status/1259607717104226306
2020-05-10 21:47:23,SnowySpitz,,2,9,70,"Playtime #cats #kitten ",,,#cats #kitten,1259600951301640194,https://twitter.com/SnowySpitz/status/1259600951301640194
2020-05-10 20:56:44,AuraliaFrances,,0,0,2,"Together, we can make a difference. We need your help to bring the rest of the cats to the vet and get them treated urgently. We have already saved this blind kitten Maisie. More updates on my IG #catrescue #kitten #Covid_19 #mothersday2020",,,#catrescue #kitten #Covid_19 #mothersday2020,1259588203297849348,https://twitter.com/AuraliaFrances/status/1259588203297849348
2020-08-31 12:15:24,foreshopnet,,0,0,1,"Are You An Avid Comic Reader? This Quiz Is For You. Click Here https://cupofc.com/click.php?key=kf4sporwx27v3lxg4ovd",,,,1300406834805833729,https://twitter.com/foreshopnet/status/1300406834805833729
2020-05-10 19:43:58,taniswriter,,1,0,8,"Peppercorn Coal-ette is almost 5 weeks old! She’s feisty and sassy and so freakin cute! #blackcat #kitten #rescuecat",,,#blackcat #kitten #rescuecat,1259569893290229761,https://twitter.com/taniswriter/status/1259569893290229761
2020-05-10 19:30:15,Cat_Lover_Club1,,0,4,16,"hello Sunday weekend!! I've been waiting so long for you #kitten #catstagram #instacat #cats #bestmeow #catoftheday #cat_slover.club #cutecatskittens #cutepetclub #instakitty #catlover #gatosdeinstagram #gatos",,,#kitten #catstagram #instacat #cats #bestmeow #catoftheday #cat_slover #cutecatskittens #cutepetclub #instakitty #catlover #gatosdeinstagram #gatos,1259566437846224896,https://twitter.com/Cat_Lover_Club1/status/1259566437846224896
2020-05-10 19:29:50,Cat_Lover_Club1,,0,4,11,"How’s your weekend ahead looking? I don’t know about you but I’m already being pampere #catsofinstagram #catstagram #kitten #lovecats #instacat #catlover #cutestcatever #catoftheday #cats_of_instworld #cats_of_the_world #cutestcat #cats_of_instagram #cat_slover_club",,,#catsofinstagram #catstagram #kitten #lovecats #instacat #catlover #cutestcatever #catoftheday #cats_of_instworld #cats_of_the_world #cutestcat #cats_of_instagram #cat_slover_club,1259566336834801665,https://twitter.com/Cat_Lover_Club1/status/1259566336834801665
2020-05-10 19:27:26,Cat_Lover_Club1,,0,5,12,"Sometimes you have to paws the world. I love my pet very much I love you meow and furever her eyes please comment this bellow never forget to comment ""Yes"".. #pets #kittens #kitten #catlife #catofthedays #ragdollsofinstagram #kitty #catlover #pet #cat_slover_club ",,,#pets #kittens #kitten #catlife #catofthedays #ragdollsofinstagram #kitty #catlover #pet #cat_slover_club,1259565729524793344,https://twitter.com/Cat_Lover_Club1/status/1259565729524793344
2020-05-10 19:21:49,StephanieHirst,,18,2,147,"Happy 1st birthday to my boy Kenny! #catsofinstagram #britishblue #britishblueshorthair #kitten #catspam",,,#catsofinstagram #britishblue #britishblueshorthair #kitten #catspam,1259564317772599299,https://twitter.com/StephanieHirst/status/1259564317772599299
2020-05-10 19:07:37,cat_trafford,Number10cat,0,2,9,"No it's not #MothersDay today in the UK, but just couldn't resist retweeting this lovely #Cat &amp; her #kitten ",,,#MothersDay #Cat #kitten,1259560742497464321,https://twitter.com/cat_trafford/status/1259560742497464321
2020-05-10 17:13:23,kitten_poker,,1,3,6,"This is Angel, Angel like to chase a laser dot in the mountains while munching on some nice fresh fish ^_^ #draggos #kittenpokercreations #kittydragon #kittycat #kitten #dragondesign #creaturedesign #dragondrawing #littledragon #tinydragon #cutedragon #fantasycreature",,,#draggos #kittenpokercreations #kittydragon #kittycat #kitten #dragondesign #creaturedesign #dragondrawing #littledragon #tinydragon #cutedragon #fantasycreature,1259531996830871552,https://twitter.com/kitten_poker/status/1259531996830871552
2020-05-10 17:11:33,SasKeyAhh,,1,0,8,"New addition Bella just loves using @stusmithdj as a climbing frame . I come home from work to this! Stuart was watching #TheBill but gladly she also did not seem that interested #kittensoftwitter #Kitten #CutiePie",,@stusmithdj,#TheBill #kittensoftwitter #Kitten #CutiePie,1259531536250155009,https://twitter.com/SasKeyAhh/status/1259531536250155009
2020-05-10 16:15:12,cats_american,,0,1,20,"Top 10 most beautiful cats #cats #cat #kittens #animals #kitten ",,,#cats #cat #kittens #animals #kitten,1259517355044077568,https://twitter.com/cats_american/status/1259517355044077568
2020-05-10 15:49:36,secondchancepet,,0,2,2,"#HappyMothersDay to all the #mamas who have loved human kiddos, #furbabies, and more! (This is our sweet Olivia, adoptable soon, with baby Melvin, a #kitten who was recently #adopted.)",,,#HappyMothersDay #mamas #furbabies #kitten #adopted,1259510909602537472,https://twitter.com/secondchancepet/status/1259510909602537472
2020-05-10 15:37:03,FixNation,,0,1,7,"Happy Mothers’ Day to Cat Moms everywhere! #kitten #rescue #tnr #trapneuterreturn #cat #cats #catlovers #tnrworks #fixcats #spayandneuter #communitycats #homelesscats #adoptdontshop #feral #feralcats",,,#kitten #rescue #tnr #trapneuterreturn #cat #cats #catlovers #tnrworks #fixcats #spayandneuter #communitycats #homelesscats #adoptdontshop #feral #feralcats,1259507752289869824,https://twitter.com/FixNation/status/1259507752289869824
2020-05-10 15:16:23,LSvensen,,0,0,4,"Get my art printed on awesome products. Support me at Redbubble #RBandME: #cat #kitten #lunapic https://www.redbubble.com/i/bath-mat/Soft-Soft-Lunapic-Kitten-Cloud-by-VikingVisual/48083127.EVFTZ?asc=u #findyourthing #redbubble",,,#RBandME #cat #kitten #lunapic #findyourthing #redbubble,1259502553563185153,https://twitter.com/LSvensen/status/1259502553563185153
2020-05-10 15:06:02,MeowMoeDotCom,,0,1,9,"Cute black kittens playing after eating food #Cats #Cat #Kittens #Kitten #Kitty #Pets #Pet #Meow #Moe #CuteCats #CuteCat #CuteKittens #CuteKitten #MeowMoe #CuteCatsVideos #CuteKittensVideos #CuteKittiesVideos #CuteMeowVideos https://www.meowmoe.com/631734/cute-black-kittens-playing-after-eating-food/ .",,,#Cats #Cat #Kittens #Kitten #Kitty #Pets #Pet #Meow #Moe #CuteCats #CuteCat #CuteKittens #CuteKitten #MeowMoe #CuteCatsVideos #CuteKittensVideos #CuteKittiesVideos #CuteMeowVideos,1259499947239636993,https://twitter.com/MeowMoeDotCom/status/1259499947239636993
2020-05-10 15:01:34,Kittyupcat,,0,8,7,"Totally cute Talley is getting better by the day! Kitty Up! Foster, adopt, and donate today. http://KittyUpcatrescue.org Amazon Wish List: https://tinyurl.com/KittyUpWishList Ship to: 312 White Ingram Parkway, Suite D, Dallas, GA 30132 #Atlanta #ATL #GA #kitten #cat #catsoftwitter",,,#Atlanta #ATL #GA #kitten #cat #catsoftwitter,1259498824676057089,https://twitter.com/Kittyupcat/status/1259498824676057089
2020-05-10 15:00:18,LunaMarley3,,3,2,47,"Marley woke mum up at 4am this morning with his super loud purring #CatsOfTwitter #CatsOfTheQuarantine #catboxsunday #cat #kitten #cute #CuteCats #pets #meow #coolcatsclub #TabbyTroop #lockdownuk",,,#CatsOfTwitter #CatsOfTheQuarantine #catboxsunday #cat #kitten #cute #CuteCats #pets #meow #coolcatsclub #TabbyTroop #lockdownuk,1259498505938382848,https://twitter.com/LunaMarley3/status/1259498505938382848
2020-05-10 14:54:02,MeowMoeDotCom,,0,3,5,"Every #Day at my #House... #Cats #Cat #Kittens #Kitten #Kitty #Pets #Pet #Meow #Moe #CuteCats #CuteCat #CuteKittens #CuteKitten #MeowMoe https://www.meowmoe.com/631732/every-day-at-my-house/ .",,,#Day #House #Cats #Cat #Kittens #Kitten #Kitty #Pets #Pet #Meow #Moe #CuteCats #CuteCat #CuteKittens #CuteKitten #MeowMoe,1259496928959660033,https://twitter.com/MeowMoeDotCom/status/1259496928959660033
2020-05-10 14:48:31,iPhone_Naha,,0,0,3,"They don't care about Corona at all. #cat #ネコ #ねこ #chat #貓 #고양이 #gatto #kat #мышык #Mèo #gato #猫 #kitty #kitten #kittens #kedi #katze #neko #meow #kawaii #animal #instacat #catlover #captionthis #แมว 場所: ECCO /… https://www.instagram.com/p/CAAuHskjXKj/?igshid=16xqz7mrdmuge",,,#cat #chat #gatto #kat #M #gato #kitty #kitten #kittens #kedi #katze #neko #meow #kawaii #animal #instacat #catlover #captionthis,1259495540443746304,https://twitter.com/iPhone_Naha/status/1259495540443746304
2020-05-10 14:46:00,joesdailycat,,2,21,93,"Random Cat Of The Day - Here's your daily cat! #rcotd #catoftheday #kitten ",,,#rcotd #catoftheday #kitten,1259494907342761990,https://twitter.com/joesdailycat/status/1259494907342761990
2020-05-10 14:42:42,MeowzineUK,,1,2,7,"Going... Going... Gone. Humum’s arms = my fave sleepy spot. . . . #SundayFunday #SundayVibes #BankHolidayWeekend #CatsOfTwitter #CatsOfInstagram #Kitten #CuteCats #CuteAnimals #TeamFloof #LoveYourPets #GingerCat @RSPCA_official @CatsProtection",,@RSPCA_official @CatsProtection,#SundayFunday #SundayVibes #BankHolidayWeekend #CatsOfTwitter #CatsOfInstagram #Kitten #CuteCats #CuteAnimals #TeamFloof #LoveYourPets #GingerCat,1259494076946276352,https://twitter.com/MeowzineUK/status/1259494076946276352
2020-05-10 14:36:21,JeniCamCakes,,0,0,2,"I’m just trying to have a peaceful moment here, cat! #siblingrivalry #catsanddogs #goldenretriever #goldenretrieversofinstagram #goldensofinstagram #kitten #kittensofinstagram https://www.instagram.com/p/CAAsutElLZC/?igshid=mh0x7cuo6ztc",,,#siblingrivalry #catsanddogs #goldenretriever #goldenretrieversofinstagram #goldensofinstagram #kitten #kittensofinstagram,1259492478304030720,https://twitter.com/JeniCamCakes/status/1259492478304030720
2020-05-10 13:14:56,C4Cruickshank,,1,0,6,"So glad the toilet roll shortage is over. Avilez doesn’t seem to understand that toilet paper is a precious commodity these days. #kitten #sundayvibes",,,#kitten #sundayvibes,1259471989439369216,https://twitter.com/C4Cruickshank/status/1259471989439369216
2020-05-10 12:42:34,ShionReira,,1,4,0,"「ASPCA: #Justice for MURDERED #Kitten」They should face a penalty for their crimes! ",,,#Justice #Kitten,1259463844541247488,https://twitter.com/ShionReira/status/1259463844541247488
2020-05-10 12:27:34,brendaoncats,MoValAnimals,1,12,7,"#sweet beautiful boy #kitten Charlie NEEDS u NOW!! Please #adopt or #pledge for #rescue! #morenovalley #MoVal #california #cats , #sweetheart ! (The dear little boy was dumped on Valentine's Day - so it is only right to pls save him on #MothersDay!) #mothersday2020 #MothersDay",,,#sweet #kitten #adopt #pledge #rescue #morenovalley #MoVal #california #cats #sweetheart #MothersDay #mothersday2020 #MothersDay,1259460068799582209,https://twitter.com/brendaoncats/status/1259460068799582209
2020-05-10 12:18:27,Shion2_,,2,4,1,"#ugly #Hag 「ASPCA: #Justice for MURDERED #Kitten http://chng.it/9GX446gd",,,#ugly #Hag #Justice #Kitten,1259457775471480832,https://twitter.com/Shion2_/status/1259457775471480832
2020-05-10 11:44:03,brendaperrott2,MoValAnimals,0,10,3,"#MothersDay2020 Please save #sweet #kitten Charlie who NEEDS u NOW!! #morenovalley #MoVal #california #cats , #sweetheart !!",,,#MothersDay2020 #sweet #kitten #morenovalley #MoVal #california #cats #sweetheart,1259449114674319362,https://twitter.com/brendaperrott2/status/1259449114674319362
2020-05-10 11:10:15,caryseleri,,20,2,230,"I did it. Say hello to Efa Mai #kitten ",,,#kitten,1259440611901476866,https://twitter.com/caryseleri/status/1259440611901476866
2020-05-10 11:08:31,PawtasticPetz,,0,0,2,"My newly adopted #kitten I've named him Apollo, so now I have a #ferret and 2 #dogs and a #Babycat",,,#kitten #ferret #dogs #Babycat,1259440172552290306,https://twitter.com/PawtasticPetz/status/1259440172552290306
2020-05-10 10:56:38,Fuchsiathecali1,,2,2,34,"Purr reveal: (this was back in my cone days) #kitten #kittensoftwitter #CatsOfTwitter #CalicoCrew #cat",,,#kitten #kittensoftwitter #CatsOfTwitter #CalicoCrew #cat,1259437184660234242,https://twitter.com/Fuchsiathecali1/status/1259437184660234242
2020-05-10 10:30:23,gretylandgrace,,20,49,657,"More pictures from my first night at home. I was so cozy in my soft new bed #catsoftwitter #cute #cat #kitten #tabbycat",,,#catsoftwitter #cute #cat #kitten #tabbycat,1259430577226371072,https://twitter.com/gretylandgrace/status/1259430577226371072
2020-05-10 09:52:11,DSoudoplatoff,,0,1,1,"We gathered up some swinguing CATS and a few kittens and made this cover from the aristocats ""everybody want's to be a cat!"" Check it out :) https://youtu.be/68jtONBsDcE #music #cats #CatsOfTwitter #CatsOfTheQuarantine #coversong #StayHome #musician #Jazz #Disney #Aristocats #kitten",,,#music #cats #CatsOfTwitter #CatsOfTheQuarantine #coversong #StayHome #StayHome #musician #Jazz #Disney #Aristocats #kitten,1259420964045164546,https://twitter.com/DSoudoplatoff/status/1259420964045164546
2020-05-10 09:42:52,hazey_shadow,,1,0,1,"Heard this little baby #kitten crying in the dumpsters behind a local store Friday. Thankfully, was able to get her to the vet and she's got her shots, dewormer, and antibiotics for an upper respiratory infection from being out in the cold. Welcome to your forever home Rey-Rey ",,,#kitten,1259418617810124800,https://twitter.com/hazey_shadow/status/1259418617810124800
2020-05-10 09:36:02,MeowMoeDotCom,,0,0,8,"""Stay at Home"" With My Cute ... #Cats #Cat #Kittens #Kitten #Kitty #Pets #Pet #Meow #Moe #CuteCats #CuteCat #CuteKittens #CuteKitten #MeowMoe #CuteCatsVideos #CuteKittensVideos #CuteKittiesVideos #CuteMeowVideos https://www.meowmoe.com/631579/stay-at-home-with-my-cute-kittens-part3-di-rumah-aja-bersama-anak-kucing-yang-lucu-part3/ .",,,#Cats #Cat #Kittens #Kitten #Kitty #Pets #Pet #Meow #Moe #CuteCats #CuteCat #CuteKittens #CuteKitten #MeowMoe #CuteCatsVideos #CuteKittensVideos #CuteKittiesVideos #CuteMeowVideos,1259416899575742464,https://twitter.com/MeowMoeDotCom/status/1259416899575742464
2020-05-10 09:33:24,PauloMe23936832,,0,0,0,"Cat. Cats know how to obtain food without labor, shelter without confinement, and love without penalties. . . . . . #autohash #RabodePeixe #Portugal #Açores #cat #ilovemycat #catsagram #catstagram #kitten #nature #mammal #animal #cute #fur #pet #eye https://www.instagram.com/p/CAACIHQDkM-/?igshid=jc6l16va3oa4",,,#autohash #RabodePeixe #Portugal #A #cat #ilovemycat #catsagram #catstagram #kitten #nature #mammal #animal #cute #fur #pet #eye,1259416235839815680,https://twitter.com/PauloMe23936832/status/1259416235839815680
2020-05-10 09:27:03,MeowMoeDotCom,,0,0,2,"Our new #Cat that we #Adopted! A 14 #Year old #Lovebug with a #Clumsy and #Energetic #Side. #Cats #Cat #Kittens #Kitten #Kitty #Pets #Pet #Meow #Moe #CuteCats #CuteCat #CuteKittens #CuteKitten #MeowMoe https://www.meowmoe.com/631577/our-new-cat-that-we-adopted-a-14-year-old-lovebug-with-a-clumsy-and-energetic-side/ .",,,#Cat #Adopted #Year #Lovebug #Clumsy #Energetic #Side #Cats #Cat #Kittens #Kitten #Kitty #Pets #Pet #Meow #Moe #CuteCats #CuteCat #CuteKittens #CuteKitten #MeowMoe,1259414638258802689,https://twitter.com/MeowMoeDotCom/status/1259414638258802689
2020-05-10 09:23:02,MeowMoeDotCom,,0,6,23,"Her #Tail is her #Favorite #Toy #Cats #Cat #Kittens #Kitten #Kitty #Pets #Pet #Meow #Moe #CuteCats #CuteCat #CuteKittens #CuteKitten #MeowMoe https://www.meowmoe.com/631575/her-tail-is-her-favorite-toy/ .",,,#Tail #Favorite #Toy #Cats #Cat #Kittens #Kitten #Kitty #Pets #Pet #Meow #Moe #CuteCats #CuteCat #CuteKittens #CuteKitten #MeowMoe,1259413630111621120,https://twitter.com/MeowMoeDotCom/status/1259413630111621120
2020-05-10 09:22:32,FriendMeem,,0,0,0,"So I spent $190 on this small one since she needed emergency care. Everyone meet Morigan. She is four weeks old and can SCREAM. #cat #kitten ",,,#cat #kitten,1259413503506624512,https://twitter.com/FriendMeem/status/1259413503506624512
2020-05-10 09:21:52,alex_flaneur,,0,1,0,"Daddy I wanna tell you a secret #cat #cats #catlife #catlovers #kitten #kittens #kitty #kittycat #cuteanimals #cutecats",,,#cat #cats #catlife #catlovers #kitten #kittens #kitty #kittycat #cuteanimals #cutecats,1259413335033786370,https://twitter.com/alex_flaneur/status/1259413335033786370
2020-05-10 09:17:09,oldandfeelit,,1,12,1,"@wrexham Is there anyone in the #Erddig #Sontley area missing their #kitten she has been taken in for the moment hoping her owner can be found very #friendly!",,@wrexham,#Erddig #Sontley #kitten #friendly,1259412148482080769,https://twitter.com/oldandfeelit/status/1259412148482080769
2020-05-10 09:11:26,rjayne_n,,1,0,2,"Sleepy #kitten #nofilter",,,#kitten #nofilter,1259410707868798977,https://twitter.com/rjayne_n/status/1259410707868798977
2020-05-10 08:58:06,simba_the_tux,,0,1,2,"I'm easy like Sunday morning . #kitty #kitten #sunday #sundaymornings #cutecat #funnycat #cute #blackandwhitecat #meowdels #blackandwhitecats #pets #catlove #tuxedocat #meow #catlife #catlover #gato #gatto #crazycat #adoptdontshop #themeowlife #in… https://instagr.am/p/CAAElUFplnm/",,,#kitty #kitten #sunday #sundaymornings #cutecat #funnycat #cute #blackandwhitecat #meowdels #blackandwhitecats #pets #catlove #tuxedocat #meow #catlife #catlover #gato #gatto #crazycat #adoptdontshop #themeowlife #in,1259407351897116673,https://twitter.com/simba_the_tux/status/1259407351897116673
2020-05-10 08:45:54,gretylandgrace,,6,11,319,"I was so brave on my first night in my new home! I explored my bedding and ate my tea without any fuss and slept really well #catsoftwitter #cute #kitten #cat #tabbycat",,,#catsoftwitter #cute #kitten #cat #tabbycat,1259404282178256896,https://twitter.com/gretylandgrace/status/1259404282178256896
2020-05-10 08:37:23,ClinsKV,,0,0,1,"One may understand the cosmos, but never the ego; the self is more distant than any star. Gilbert K. Chesterton CKV #cats #kittens #skyfullofstars #catsofinstagram #leica #catstagram #cat #catlife #kitten #tiktok… https://www.instagram.com/p/CAADpV9gYcs/?igshid=ttu79yah6zt6",,,#cats #kittens #skyfullofstars #catsofinstagram #leica #catstagram #cat #catlife #kitten #tiktok,1259402138884755461,https://twitter.com/ClinsKV/status/1259402138884755461
2020-05-10 08:10:36,Biogaled,,0,0,0,"Life-saving tips from former senior lecturer and Head of Diagnostic Virology at the University of Glasgow Veterinary School - Dr. Diane D. Addie>>https://bit.ly/How-to-Avoid-FIP-in-Your-Cat #catlovers #fip #feline #coronavirus #catowner #kitten #cats #fcov #antibodies #breeding",,,#catlovers #fip #feline #coronavirus #catowner #kitten #cats #fcov #antibodies #breeding,1259395400924102657,https://twitter.com/Biogaled/status/1259395400924102657
2020-05-10 08:00:18,TheTabbyBet,,0,0,1,"From the TabbyBet family, wishing all the Mums, Moms, and Mamas around the world the greatest Mother's Day. #HappyMothersDay #MothersDay #Kitten #Flower #TabbyBet #CuteKitten #CuteCats",,,#HappyMothersDay #MothersDay #Kitten #Flower #TabbyBet #CuteKitten #CuteCats,1259392807023849472,https://twitter.com/TheTabbyBet/status/1259392807023849472
2020-05-10 07:44:05,jayalexaaaa,,2,0,4,"I was surprised on Mother’s Day three years ago. I love being your mommy! #furmoms #furmom #kitten #cat #mothersday2020",,,#furmoms #furmom #kitten #cat #mothersday2020,1259388726859272192,https://twitter.com/jayalexaaaa/status/1259388726859272192
2020-05-10 07:01:07,OfficialBayrots,,0,2,5,"How she is sleeping through my raging, I don't know. ◇◇◇◇◇◇◇◇◇◇◇◇◇◇◇◇◇◇◇◇ #cat #kitten #cute #gaming #gamer #twitch #streamer #cod #callofduty #battlestation #pc #pcmasterrace",,,#cat #kitten #cute #gaming #gamer #twitch #streamer #cod #callofduty #battlestation #pc #pcmasterrace,1259377912689471489,https://twitter.com/OfficialBayrots/status/1259377912689471489
2020-05-10 07:00:06,WaywardMasq,,0,0,5,"Mr T surveying his domain #CatsOfTwitter #CatsOfTheQuarantine #catsofinstagram #cats #cat #kitten #rescuecat #animalrescue",,,#CatsOfTwitter #CatsOfTheQuarantine #catsofinstagram #cats #cat #kitten #rescuecat #animalrescue,1259377658707816449,https://twitter.com/WaywardMasq/status/1259377658707816449
2020-05-10 06:32:13,rahrahhope,,0,2,2,"It's time for more CHARLIES SLEEP YOGA!!!! this pose is called ""beheaded"", it really takes the weight off your shoulders. Relax and repeat this pose for true relaxation. . . . #charliebrown #kitten #kittensofinstagram #cat #catstagram #catsofaustralia #catsofinstagram #yoga",,,#charliebrown #kitten #kittensofinstagram #cat #catstagram #catsofaustralia #catsofinstagram #yoga,1259370641507016704,https://twitter.com/rahrahhope/status/1259370641507016704
2020-05-10 06:26:57,RM_Latino_Heat,,0,0,1,"Frodo and Winnie don't understand, this recliner was made for one person only. . . #catstagram #cats #cats_of_instagram #catslife #catsoftheday #catscatscats #kitty #kitten #handful #Covid-19 #coronavirus #pandemic https://www.instagram.com/p/B__0uDWn9iV/?igshid=pf8yzgc5k4fo",,,#catstagram #cats #cats_of_instagram #catslife #catsoftheday #catscatscats #kitty #kitten #handful #Covid #coronavirus #pandemic,1259369315461103616,https://twitter.com/RM_Latino_Heat/status/1259369315461103616
2020-05-10 05:13:26,BeIndelible,,0,1,2,"Cute x a million #cutealert #cuteaf #cute #kitten #cuteanimals #babyanimals",,,#cutealert #cuteaf #cute #kitten #cuteanimals #babyanimals,1259350816453914624,https://twitter.com/BeIndelible/status/1259350816453914624
2020-05-10 05:08:42,szymbertv1,,0,0,1,"My Foster Babies. #MothersDay #kitten #CatsOfTwitter",,,#MothersDay #kitten #CatsOfTwitter,1259349622931087367,https://twitter.com/szymbertv1/status/1259349622931087367
2020-05-10 04:59:02,MeowMoeDotCom,,0,5,19,"A little #Higher #Cats #Cat #Kittens #Kitten #Kitty #Pets #Pet #Meow #Moe #CuteCats #CuteCat #CuteKittens #CuteKitten #MeowMoe https://www.meowmoe.com/631453/a-little-higher/ .",,,#Higher #Cats #Cat #Kittens #Kitten #Kitty #Pets #Pet #Meow #Moe #CuteCats #CuteCat #CuteKittens #CuteKitten #MeowMoe,1259347192311164930,https://twitter.com/MeowMoeDotCom/status/1259347192311164930
2020-05-10 04:49:56,glogapp,,0,1,0,"Check out this Amazon deal: Purina Fancy Feast Grain Free Pate Wet #Kitten Food Variety Pack, Kitten Classic Pate Collection, 4 flavors - (24) 3 oz. Boxes by Purina Fancy Feast https://amzn.to/2YPjHAP via @amazon #ad #pet",,@amazon,#Kitten #ad #pet,1259344901281636352,https://twitter.com/glogapp/status/1259344901281636352
2020-05-10 04:34:13,SharleneMcNeill,,0,0,0,"ACEO Original Art Cat Black Pet Animal Portrait Colored Pencil Drawing -SMcNeill https://ebay.us/z08o90 via @eBay #ebay #aceo #art #originalart #miniature #painting #drawing #animal #cat #kitten #blackcat #cute #coloredpencil",,@eBay,#ebay #aceo #art #originalart #miniature #painting #drawing #animal #cat #kitten #blackcat #cute #coloredpencil,1259340947000750081,https://twitter.com/SharleneMcNeill/status/1259340947000750081
2020-05-10 04:30:24,VivekSo37841366,,0,0,0,"Lots of office work #cat #cats #catsofinstagram #of #catstagram #instagram #catlover #instacat #catlovers #kitten #kitty #meow #pet #catlife #cute #love #dog #catoftheday #pets #gato #kittens #animals #world #animal… https://www.instagram.com/p/B__nYb4JmMy/?igshid=idw8w4i1wgpa",,,#cat #cats #catsofinstagram #of #catstagram #instagram #catlover #instacat #catlovers #kitten #kitty #meow #pet #catlife #cute #love #dog #catoftheday #pets #gato #kittens #animals #world #animal,1259339984026255360,https://twitter.com/VivekSo37841366/status/1259339984026255360
2020-05-10 04:19:43,kakisakasan,,1,0,0,"I sell my e-book ""The tree where cats gather"" on kindle and iBooks. I really want that anyone who loves cats reads this book. I share my reading voice to Instagram, youtube. #cat #kitten #sushi #heartwarming #family #kindle",,,#cat #kitten #sushi #heartwarming #family #kindle,1259337296056221697,https://twitter.com/kakisakasan/status/1259337296056221697
2020-05-10 03:56:11,JeniCamCakes,,0,0,0,"I guess I like him ok. #catsanddogs #goldenretriever #goldenretrieversofinstagram #goldensofinstagram #jellybean #kitten #kittensofinstagram https://www.instagram.com/p/B__jd7qldF-/?igshid=1lk7t88fa2xmv",,,#catsanddogs #goldenretriever #goldenretrieversofinstagram #goldensofinstagram #jellybean #kitten #kittensofinstagram,1259331372927385600,https://twitter.com/JeniCamCakes/status/1259331372927385600
2020-05-10 03:50:47,fredwidard,,0,0,0,"I got a #lens for my #googlepixel. This is my lil weirdo #kitten ",,,#lens #googlepixel #kitten,1259330015910481921,https://twitter.com/fredwidard/status/1259330015910481921
2020-05-10 03:31:11,myPetFinder,,0,0,1,"You mean the world to them. Thank you, Moms! #PetFinderMY #petfinder #stray #homeless #mom #mothersday #happymothersday #moms #mothers #adopt #adoption #mommy #dog #cat #puppy #kitten ",,,#PetFinderMY #petfinder #stray #homeless #mom #mothersday #happymothersday #moms #mothers #adopt #adoption #mommy #dog #cat #puppy #kitten,1259325082255552512,https://twitter.com/myPetFinder/status/1259325082255552512
2020-05-10 03:30:00,Havilah_V,,0,0,0,"#Caturday: #MothersDay is coming #Mother #Mom #Mommy #Mama #Babies #MiniMe #Cat #Cats #Kitten #Kittens #WhiteCat Good night, all!",,,#Caturday #MothersDay #Mother #Mom #Mommy #Mama #Babies #MiniMe #Cat #Cats #Kitten #Kittens #WhiteCat,1259324784690765824,https://twitter.com/Havilah_V/status/1259324784690765824
2020-05-10 03:26:27,JeniCamCakes,,0,0,2,"If you get strange messages from me tonight, it’s the cat. #helpful #kitten #kittensofinstagram tater_tot_cat https://www.instagram.com/p/B__gEKMFDP4/?igshid=1vgw6n7eps4n5",,,#helpful #kitten #kittensofinstagram,1259323889789931523,https://twitter.com/JeniCamCakes/status/1259323889789931523
2020-05-10 03:10:19,PetsStoria,,0,0,0,"Interactive Treat Toy For Cats #kitty #kitten https://petsstoria.com/interactive-treat-toy-for-cats/",,,#kitty #kitten,1259319832295636993,https://twitter.com/PetsStoria/status/1259319832295636993
2020-05-10 03:08:48,hi_yayakko,,0,0,1,"English ver. Castlevania Crappy Collage. #猫 #ネコ #悪魔城ドラキュラ #クソコラ #CastlevaniaNetflix #castlevania #catslevania #cat #kitten #cats #kittens #crappycollage #Alucard #Dracula #Ferryman https://twitter.com/mauhina0505/status/1259039200365568000",,,#CastlevaniaNetflix #castlevania #catslevania #cat #kitten #cats #kittens #crappycollage #Alucard #Dracula #Ferryman,1259319450379026432,https://twitter.com/hi_yayakko/status/1259319450379026432
2020-05-10 03:03:31,KittensMeowFan,,0,0,0,"The Heat is Getting to Him! Poor Luciano! #cat #cats #kitten #kittens #meow #bestcat #catoftwitter",,,#cat #cats #kitten #kittens #meow #bestcat #catoftwitter,1259318120608604164,https://twitter.com/KittensMeowFan/status/1259318120608604164
2020-05-10 02:46:05,taylstweets,,0,0,3,"Newest addition to the fam. Lyanna the kitten. #CatsOfTwitter #kitten ",,,#CatsOfTwitter #kitten,1259313731290361856,https://twitter.com/taylstweets/status/1259313731290361856
2020-05-10 02:45:37,rburt4cats,,10,61,30,"#kitten JUMANJI is at NORTH #Utah VALLEY ANIMAL #GASSING CHAMBER SHELTER. Just a baby https://www.facebook.com/284872509090709/posts/589338541977436/",,,#kitten #Utah #GASSING,1259313615691186186,https://twitter.com/rburt4cats/status/1259313615691186186
2020-05-10 02:34:42,ExtraLymey,,0,0,0,"Looking for the light. #kitten #digitalart #likeforlike https://www.instagram.com/p/B__aJLhgcQs/?igshid=pl89c43gk0wt",,,#kitten #digitalart #likeforlike,1259310868858392577,https://twitter.com/ExtraLymey/status/1259310868858392577
2020-05-10 02:33:19,ExtraLymey,,0,0,0,"Keep your chin up. #cat #kitten #procreate https://www.instagram.com/p/B__Z-8Kg8pD/?igshid=1s7xt6kaugi3y",,,#cat #kitten #procreate,1259310519472840705,https://twitter.com/ExtraLymey/status/1259310519472840705
2020-05-10 02:30:33,RakusaStudios,,2,7,39,"THE LITTLE EXPLORER!! When the house seems too big to cover in a day... #pets #cute #cats #cat #cutecats #kitty #kitten #kittens #home #love",,,#pets #cute #cats #cat #cutecats #kitty #kitten #kittens #home #love,1259309825676066817,https://twitter.com/RakusaStudios/status/1259309825676066817
2020-05-10 02:24:03,MeowMoeDotCom,,0,5,14,"This cross-eyed keyboard-blocker #Wishes you a #Wonderful #Friday! #Cats #Cat #Kittens #Kitten #Kitty #Pets #Pet #Meow #Moe #CuteCats #CuteCat #CuteKittens #CuteKitten #MeowMoe #Crosseyed #Keyboardblocker https://www.meowmoe.com/631383/this-cross-eyed-keyboard-blocker-wishes-you-a-wonderful-friday/ .",,,#Wishes #Wonderful #Friday #Cats #Cat #Kittens #Kitten #Kitty #Pets #Pet #Meow #Moe #CuteCats #CuteCat #CuteKittens #CuteKitten #MeowMoe #Crosseyed #Keyboardblocker,1259308187095891968,https://twitter.com/MeowMoeDotCom/status/1259308187095891968
2020-05-10 02:21:14,catcutie_store,,0,0,0,"#cat #kitten The capsule bag carrying pet pet packaging bag dasyure pet dog pet travel dog carrier cat breathable backpack outdoor portable ",,,#cat #kitten,1259307481207050243,https://twitter.com/catcutie_store/status/1259307481207050243
2020-05-10 02:20:00,Havilah_V,,0,1,1,"#Caturday: #MothersDay is coming #Mother #Mom #Mommy #Mama #Babies #MiniMe #Cat #Cats #Kitten #Kittens",,,#Caturday #MothersDay #Mother #Mom #Mommy #Mama #Babies #MiniMe #Cat #Cats #Kitten #Kittens,1259307167628382212,https://twitter.com/Havilah_V/status/1259307167628382212
2020-05-10 02:16:19,_pridekitty_,,0,0,1,"Sunday Selfies https://ift.tt/2WEkDoM | #Cats #Adorable #Kitten",,,#Cats #Adorable #Kitten,1259306240003526656,https://twitter.com/_pridekitty_/status/1259306240003526656
2020-05-10 02:16:02,MeowMoeDotCom,,0,1,6,"Cats Meowing 2020 - Cute Kittens Meowing - ... #Cats #Cat #Kittens #Kitten #Kitty #Pets #Pet #Meow #Moe #CuteCats #CuteCat #CuteKittens #CuteKitten #MeowMoe #CuteCatsVideos #CuteKittensVideos #CuteKittiesVideos #CuteMeowVideos https://www.meowmoe.com/631375/cats-meowing-2020-cute-kittens-meowing-cat-meowing-video-kitten-meowing-videos-2020/ .",,,#Cats #Cat #Kittens #Kitten #Kitty #Pets #Pet #Meow #Moe #CuteCats #CuteCat #CuteKittens #CuteKitten #MeowMoe #CuteCatsVideos #CuteKittensVideos #CuteKittiesVideos #CuteMeowVideos,1259306170734518283,https://twitter.com/MeowMoeDotCom/status/1259306170734518283
2020-05-10 02:12:18,ThatMissKitty,,0,0,1,"I think they’re trying to tell me it’s bedtime #dailyselfie . . . . #bigeyes #dailypost #dailypic #me #nyc #brooklyn #dailymalcolm #dailyolive #emenoh #catsofinstagram #kitten #cat #kittensofinstagram #cutefight… https://www.instagram.com/p/B__XlAUpO9k/?igshid=10wc3gir2bk9p",,,#dailyselfie #bigeyes #dailypost #dailypic #me #nyc #brooklyn #dailymalcolm #dailyolive #emenoh #catsofinstagram #kitten #cat #kittensofinstagram #cutefight,1259305232867233795,https://twitter.com/ThatMissKitty/status/1259305232867233795
2020-05-10 02:03:02,MeowMoeDotCom,,0,4,6,"Just got him, someone #Gave him away. What #Kind of #Breed is this #Handsome #Guy? #Cats #Cat #Kittens #Kitten #Kitty #Pets #Pet #Meow #Moe #CuteCats #CuteCat #CuteKittens #CuteKitten #MeowMoe https://www.meowmoe.com/631373/just-got-him-someone-gave-him-away-what-kind-of-breed-is-this-handsome-guy/ .",,,#Gave #Kind #Breed #Handsome #Guy #Cats #Cat #Kittens #Kitten #Kitty #Pets #Pet #Meow #Moe #CuteCats #CuteCat #CuteKittens #CuteKitten #MeowMoe,1259302899349442560,https://twitter.com/MeowMoeDotCom/status/1259302899349442560
2020-05-10 01:59:14,Cromcastic,,0,0,0,"Beans and I got a #beautiful new #kitten and hes so sweet! Just look at him! Tell us what his name should be! There will be a poll in discord of the best names! https://www.instagram.com/p/B__WFQVA5rQ/?igshid=1xwy2ra4551dy",,,#beautiful #kitten,1259301942007865346,https://twitter.com/Cromcastic/status/1259301942007865346
2020-05-10 01:51:41,pawesome_pet,,0,0,0,"Cute Design Soft Pet House #kitty #kitten https://pawesomepetstuff.com/cute-design-soft-pet-house/",,,#kitty #kitten,1259300044764860419,https://twitter.com/pawesome_pet/status/1259300044764860419
2020-05-10 01:48:40,DarcieMae11,,0,0,0,"My little sidekick followed me everywhere. I miss you already * * * #kitten #fosterkitten #missyou #cute https://www.instagram.com/p/B__Q0CfnQn-w1-uXLKLbaM3DpTFmLzfz0af1Ts0/?igshid=drw49fec1qxi",,,#kitten #fosterkitten #missyou #cute,1259299281703440386,https://twitter.com/DarcieMae11/status/1259299281703440386
2020-05-10 01:30:40,hyehye960430,cobbkitties,0,3,4,"Omg look at those cute faces!!!! #adoptdontshop #inneed #urgent #savealife #cats #help #share #animals #foreverhome #kitty #kitten #Gorgeous #sweet #babygirl #babyboy #fluffy #rescue #furbaby #kitties #sammy #daisy",,,#adoptdontshop #inneed #urgent #savealife #cats #help #share #animals #foreverhome #kitty #kitten #Gorgeous #sweet #babygirl #babyboy #fluffy #rescue #furbaby #kitties #sammy #daisy,1259294755005042690,https://twitter.com/hyehye960430/status/1259294755005042690
2020-05-10 01:27:58,omega40070574,,0,0,2,"「The cat play with woman」 https://youtu.be/Us045OHNC30 #猫 #ネコ #ねこ #ブリティッシュショートヘア #猫好きさんと繋がりたい #ねこ部 #ねこの生活が第一 #もふもふ #cat #kitten #BritishShorthair",,,#cat #kitten #BritishShorthair,1259294073753440256,https://twitter.com/omega40070574/status/1259294073753440256
2020-05-10 01:16:18,BiuBiu13543159,,0,0,6,"Soooo Sweet #cat #cats #CatOfTwitter #CatsOfTwitter #youtube #stayhome #quarantine #고양이 #ねこ #귀여워 #猫 #猫咪 #meow #funny #กองทุน #кошка #conmèo #gato #catlogic #compilation #kitty #kitten #pets #pet #peace #love",,,#cat #cats #CatOfTwitter #CatsOfTwitter #youtube #stayhome #stayhome #quarantine #meow #funny #conm #gato #catlogic #compilation #kitty #kitten #pets #pet #peace #love,1259291139045158912,https://twitter.com/BiuBiu13543159/status/1259291139045158912
2020-05-10 01:13:28,AtiyaZahra,,0,1,3,"https://youtu.be/jRj__vfxPUc A whole year with “Bunny The Cat” part2 Subscribe my #youtube #channel #cat #kitten #catlady #rescue #pet #petlover #pets #mypets #catrescue #kittenrescue #animal #animalkingdom #petshelter #mycat #catlover #kittenlover #tiktokers #HappyMothersDay2020",,,#youtube #channel #cat #kitten #catlady #rescue #pet #petlover #pets #mypets #catrescue #kittenrescue #animal #animalkingdom #petshelter #mycat #catlover #kittenlover #tiktokers #HappyMothersDay2020,1259290423870267392,https://twitter.com/AtiyaZahra/status/1259290423870267392
2020-05-10 01:00:20,WAALRescue,,0,1,1,"I'm beautiful, 11mo girl, Fluff. I'm sweet but shy until I get to know you. I love to be petted & play w/ toys, esp. string. My sister, Miss Sassy Pants, & I are very bonded & need adopted together. Kids 12+. No dogs. Apply at http://WAALrescue.org/adopt! #WAALrescue #adopt #kitten ",,,#WAALrescue #adopt #kitten,1259287118313959425,https://twitter.com/WAALRescue/status/1259287118313959425
2020-05-10 00:46:45,Danithecatladyy,,0,0,0,"The kittens hope everyone is having a Toasty mytoastycat Saturday night!! • • • #excellent_kittens #kitten #kittenlady #cats_of_instagram #catsofinstagram #tabbycat #fosteringkittens #fosterkittens… https://www.instagram.com/p/B__NyW9pUry/?igshid=5khlizej9dkv",,,#excellent_kittens #kitten #kittenlady #cats_of_instagram #catsofinstagram #tabbycat #fosteringkittens #fosterkittens,1259283703588466689,https://twitter.com/Danithecatladyy/status/1259283703588466689
2020-05-10 00:43:41,LSvensen,,0,0,1,"Get my art printed on awesome products. Support me at Redbubble #RBandME: #caturday #kitten #deepdream https://www.redbubble.com/i/laptop-skin/Blue-Dream-Kitten-Cloud-by-VikingVisual/48055083.6EA4Y?asc=u #findyourthing #redbubble",,,#RBandME #caturday #kitten #deepdream #findyourthing #redbubble,1259282929802309632,https://twitter.com/LSvensen/status/1259282929802309632
2020-05-10 00:35:19,rburt4cats,,0,26,13,"#kitten LITTLE LASS is at URGENT CATS OF #Broward, #Florida. https://www.facebook.com/380410418689313/posts/3126867660710228/",,,#kitten #Broward #Florida,1259280826040188928,https://twitter.com/rburt4cats/status/1259280826040188928
2020-05-10 00:30:17,101soundboards,,0,0,0,"Sound clip: Kitten Meow 2 https://www.101soundboards.com/sounds/14871 #cats #cat #sounds #kitten #meow",,,#cats #cat #sounds #kitten #meow,1259279558584553474,https://twitter.com/101soundboards/status/1259279558584553474
2020-05-10 00:27:46,RealPukingKitty,,1,0,0,"Beebop is looking all grown up and oh so regal. #queen #cat #kitten #catsofinstagram #caturday",,,#queen #cat #kitten #catsofinstagram #caturday,1259278924896522247,https://twitter.com/RealPukingKitty/status/1259278924896522247
2020-05-10 00:26:02,MeowMoeDotCom,,0,4,18,"Cute kitten drinks milk #Cats #Cat #Kittens #Kitten #Kitty #Pets #Pet #Meow #Moe #CuteCats #CuteCat #CuteKittens #CuteKitten #MeowMoe #CuteCatsVideos #CuteKittensVideos #CuteKittiesVideos #CuteMeowVideos https://www.meowmoe.com/631325/cute-kitten-drinks-milk-%f0%9f%92%96%f0%9f%98%bb%f0%9f%98%bb%f0%9f%92%95/ .",,,#Cats #Cat #Kittens #Kitten #Kitty #Pets #Pet #Meow #Moe #CuteCats #CuteCat #CuteKittens #CuteKitten #MeowMoe #CuteCatsVideos #CuteKittensVideos #CuteKittiesVideos #CuteMeowVideos,1259278486960824322,https://twitter.com/MeowMoeDotCom/status/1259278486960824322
2020-05-10 00:20:00,Havilah_V,,0,0,0,"#Caturday: #MothersDay is coming #Mother #Mom #Mommy #Mama #Babies #MiniMe #Cat #Cats #Kitten #Kittens #GingerCat",,,#Caturday #MothersDay #Mother #Mom #Mommy #Mama #Babies #MiniMe #Cat #Cats #Kitten #Kittens #GingerCat,1259276968614195200,https://twitter.com/Havilah_V/status/1259276968614195200
2020-05-10 00:14:45,_x__abyss__x_,,0,0,0,"Got to spend some time with my mom, little brother, and the kittens today. The kittens are getting so big. #kitten ",,,#kitten,1259275647823814659,https://twitter.com/_x__abyss__x_/status/1259275647823814659
2020-05-10 00:13:03,MeowMoeDotCom,,0,8,29,"#Shh! The #Cat is not out of the #Bag yet. #Cats #Cat #Kittens #Kitten #Kitty #Pets #Pet #Meow #Moe #CuteCats #CuteCat #CuteKittens #CuteKitten #MeowMoe https://www.meowmoe.com/631323/shh-the-cat-is-not-out-of-the-bag-yet/ .",,,#Shh #Cat #Bag #Cats #Cat #Kittens #Kitten #Kitty #Pets #Pet #Meow #Moe #CuteCats #CuteCat #CuteKittens #CuteKitten #MeowMoe,1259275219316944898,https://twitter.com/MeowMoeDotCom/status/1259275219316944898
2020-05-10 00:10:00,Havilah_V,,0,0,0,"#Caturday: #MothersDay is coming #Mother #Mom #Mommy #Mama #Babies #MiniMe #Cat #Cats #Kitten #Kittens",,,#Caturday #MothersDay #Mother #Mom #Mommy #Mama #Babies #MiniMe #Cat #Cats #Kitten #Kittens,1259274452111630340,https://twitter.com/Havilah_V/status/1259274452111630340
2020-05-10 00:04:02,MeowMoeDotCom,,0,2,4,"Baby Cats - Cute Cats fun||Cute Kittens and ... #Cats #Cat #Kittens #Kitten #Kitty #Pets #Pet #Meow #Moe #CuteCats #CuteCat #CuteKittens #CuteKitten #MeowMoe #CuteCatsVideos #CuteKittensVideos #CuteKittiesVideos #CuteMeowVideos https://www.meowmoe.com/631315/baby-cats-cute-cats-funcute-kittens-and-cat-meowing-videos-compilation-01-learn-with-haseeb/ .",,,#Cats #Cat #Kittens #Kitten #Kitty #Pets #Pet #Meow #Moe #CuteCats #CuteCat #CuteKittens #CuteKitten #MeowMoe #CuteCatsVideos #CuteKittensVideos #CuteKittiesVideos #CuteMeowVideos,1259272953390338048,https://twitter.com/MeowMoeDotCom/status/1259272953390338048
2020-05-10 00:00:00,Havilah_V,,0,0,0,"#Caturday: #MothersDay is coming #Mother #Mom #Mommy #Mama #Babies #MiniMe #Cat #Cats #Kitten #Kittens #BritishShorthairCat",,,#Caturday #MothersDay #Mother #Mom #Mommy #Mama #Babies #MiniMe #Cat #Cats #Kitten #Kittens #BritishShorthairCat,1259271935822831617,https://twitter.com/Havilah_V/status/1259271935822831617
